approval_id,document_id,approver_name,approval_date,approval_result,comments
APR-50001,DOC-10689,Laura Garcia,2023-05-02,Approved,Approved for controlled use
APR-50002,DOC-10665,John Smith,2024-04-19,Approved,Approved for controlled use
APR-50003,DOC-10091,Michael Davis,2026-04-19,Approved,Approved for controlled use
APR-50004,DOC-10162,Maria Lopez,2026-05-14,Approved,Approved for controlled use
APR-50005,DOC-10421,John Smith,2024-11-22,Approved,Approved for controlled use
APR-50006,DOC-10416,Laura Garcia,2024-08-02,Approved,Approved for controlled use
APR-50007,DOC-10382,Maria Lopez,2025-09-07,Approved,Approved for controlled use
APR-50008,DOC-10801,Ana Rodriguez,2024-05-28,Approved,Approved for controlled use
APR-50009,DOC-10506,Daniel Brown,2023-11-20,Approved,Approved for controlled use
APR-50010,DOC-10662,Laura Garcia,2024-03-10,Approved,Approved for controlled use
APR-50011,DOC-10988,Robert Anderson,2023-12-24,Approved,Approved for controlled use
APR-50012,DOC-10554,Patricia Wilson,2025-09-08,Approved,Approved for controlled use
APR-50013,DOC-10127,Carlos Martinez,2024-05-12,Approved,Approved for controlled use
APR-50014,DOC-10023,John Smith,2024-11-03,Approved,Approved for controlled use
APR-50015,DOC-10156,John Smith,2025-08-10,Approved,Approved for controlled use
APR-50016,DOC-10771,Daniel Brown,2025-08-31,Approved,Approved for controlled use
APR-50017,DOC-10369,Laura Garcia,2025-06-30,Approved,Approved for controlled use
APR-50018,DOC-10928,Michael Davis,2023-11-18,Approved,Approved for controlled use
APR-50019,DOC-10784,John Smith,2025-05-10,Approved,Approved for controlled use
APR-50020,DOC-10333,Ana Rodriguez,2024-05-12,Approved,Approved for controlled use
APR-50021,DOC-10935,Sofia Johnson,2024-04-14,Approved,Approved for controlled use
APR-50022,DOC-10694,Maria Lopez,2024-04-28,Approved,Approved for controlled use
APR-50023,DOC-10404,Laura Garcia,2023-05-10,Approved,Approved for controlled use
APR-50024,DOC-10160,Daniel Brown,2024-06-22,Approved,Approved for controlled use
APR-50025,DOC-10774,John Smith,2023-05-08,Approved,Approved for controlled use
APR-50026,DOC-10892,Maria Lopez,2024-10-18,Approved,Approved for controlled use
APR-50027,DOC-10957,Robert Anderson,2024-07-07,Approved,Approved for controlled use
APR-50028,DOC-10899,Sofia Johnson,2025-01-24,Approved,Approved for controlled use
APR-50029,DOC-10583,Laura Garcia,2024-01-21,Approved,Approved for controlled use
APR-50030,DOC-10824,Patricia Wilson,2025-09-17,Approved,Approved for controlled use
APR-50031,DOC-10596,John Smith,2026-05-14,Approved,Approved for controlled use
APR-50032,DOC-10068,Maria Lopez,2026-01-25,Approved,Approved for controlled use
APR-50033,DOC-10950,Patricia Wilson,2024-09-27,Approved,Approved for controlled use
APR-50034,DOC-10166,John Smith,2023-09-29,Approved,Approved for controlled use
APR-50035,DOC-10934,Laura Garcia,2026-04-10,Approved,Approved for controlled use
APR-50036,DOC-10150,Daniel Brown,2025-03-02,Approved,Approved for controlled use
APR-50037,DOC-10915,Laura Garcia,2025-07-17,Approved,Approved for controlled use
APR-50038,DOC-10146,Carlos Martinez,2023-11-08,Approved,Approved for controlled use
APR-50039,DOC-10182,Ana Rodriguez,2026-03-06,Approved,Approved for controlled use
APR-50040,DOC-10364,Robert Anderson,2025-04-01,Approved,Approved for controlled use
APR-50041,DOC-10561,Ana Rodriguez,2024-08-12,Approved,Approved for controlled use
APR-50042,DOC-10921,Maria Lopez,2025-03-03,Approved,Approved for controlled use
APR-50043,DOC-10995,John Smith,2025-08-13,Approved,Approved for controlled use
APR-50044,DOC-10617,Patricia Wilson,2023-08-26,Approved,Approved for controlled use
APR-50045,DOC-10065,John Smith,2026-03-31,Approved,Approved for controlled use
APR-50046,DOC-10542,Robert Anderson,2025-07-06,Approved,Approved for controlled use
APR-50047,DOC-10703,Sofia Johnson,2026-03-02,Approved,Approved for controlled use
APR-50048,DOC-10732,Ana Rodriguez,2024-10-12,Approved,Approved for controlled use
APR-50049,DOC-10912,Carlos Martinez,2026-02-08,Approved,Approved for controlled use
APR-50050,DOC-10835,Robert Anderson,2023-11-28,Approved,Approved for controlled use
APR-50051,DOC-10063,Daniel Brown,2023-06-29,Approved,Approved for controlled use
APR-50052,DOC-10624,Michael Davis,2024-12-22,Approved,Approved for controlled use
APR-50053,DOC-10996,Michael Davis,2023-03-24,Approved,Approved for controlled use
APR-50054,DOC-10045,Daniel Brown,2024-10-16,Approved,Approved for controlled use
APR-50055,DOC-10326,Laura Garcia,2024-09-02,Approved,Approved for controlled use
APR-50056,DOC-10901,Laura Garcia,2023-05-28,Approved,Approved for controlled use
APR-50057,DOC-10270,Sofia Johnson,2023-12-25,Approved,Approved for controlled use
APR-50058,DOC-10043,Daniel Brown,2025-10-07,Approved,Approved for controlled use
APR-50059,DOC-10986,Ana Rodriguez,2023-11-06,Approved,Approved for controlled use
APR-50060,DOC-10151,Laura Garcia,2024-07-12,Approved,Approved for controlled use
APR-50061,DOC-10443,Michael Davis,2026-03-31,Approved,Approved for controlled use
APR-50062,DOC-10645,Patricia Wilson,2025-07-22,Approved,Approved for controlled use
APR-50063,DOC-10049,Ana Rodriguez,2026-02-09,Approved,Approved for controlled use
APR-50064,DOC-10728,Daniel Brown,2025-12-29,Approved,Approved for controlled use
APR-50065,DOC-10384,Ana Rodriguez,2024-09-04,Approved,Approved for controlled use
APR-50066,DOC-10559,Ana Rodriguez,2025-06-15,Approved,Approved for controlled use
APR-50067,DOC-10536,Michael Davis,2025-07-28,Approved,Approved for controlled use
APR-50068,DOC-10548,Ana Rodriguez,2023-12-09,Approved,Approved for controlled use
APR-50069,DOC-10379,Daniel Brown,2023-06-22,Approved,Approved for controlled use
APR-50070,DOC-10418,Daniel Brown,2024-05-09,Approved,Approved for controlled use
APR-50071,DOC-10711,Laura Garcia,2024-11-09,Approved,Approved for controlled use
APR-50072,DOC-10077,Carlos Martinez,2025-04-17,Approved,Approved for controlled use
APR-50073,DOC-10501,Carlos Martinez,2023-10-25,Approved,Approved for controlled use
APR-50074,DOC-10730,Robert Anderson,2023-05-25,Approved,Approved for controlled use
APR-50075,DOC-10400,Robert Anderson,2024-04-26,Approved,Approved for controlled use
APR-50076,DOC-10236,Michael Davis,2025-01-05,Approved,Approved for controlled use
APR-50077,DOC-10318,Ana Rodriguez,2025-01-18,Approved,Approved for controlled use
APR-50078,DOC-10887,Sofia Johnson,2024-12-29,Approved,Approved for controlled use
APR-50079,DOC-10868,Ana Rodriguez,2024-03-16,Approved,Approved for controlled use
APR-50080,DOC-10497,Michael Davis,2025-03-18,Approved,Approved for controlled use
APR-50081,DOC-10629,Patricia Wilson,2025-11-30,Approved,Approved for controlled use
APR-50082,DOC-10543,Sofia Johnson,2026-03-27,Approved,Approved for controlled use
APR-50083,DOC-10257,Ana Rodriguez,2026-03-14,Approved,Approved for controlled use
APR-50084,DOC-10790,Carlos Martinez,2023-04-21,Approved,Approved for controlled use
APR-50085,DOC-10138,Daniel Brown,2025-12-16,Approved,Approved for controlled use
APR-50086,DOC-10513,Laura Garcia,2023-05-21,Approved,Approved for controlled use
APR-50087,DOC-10903,Patricia Wilson,2025-12-11,Approved,Approved for controlled use
APR-50088,DOC-10857,Laura Garcia,2024-02-05,Approved,Approved for controlled use
APR-50089,DOC-10344,John Smith,2026-05-18,Approved,Approved for controlled use
APR-50090,DOC-10489,Ana Rodriguez,2025-09-01,Approved,Approved for controlled use
APR-50091,DOC-10470,Laura Garcia,2026-03-09,Approved,Approved for controlled use
APR-50092,DOC-10978,Robert Anderson,2026-02-22,Approved,Approved for controlled use
APR-50093,DOC-10140,Ana Rodriguez,2025-02-21,Approved,Approved for controlled use
APR-50094,DOC-10634,Carlos Martinez,2025-09-25,Approved,Approved for controlled use
APR-50095,DOC-10481,Ana Rodriguez,2025-08-16,Approved,Approved for controlled use
APR-50096,DOC-10788,Michael Davis,2026-02-28,Approved,Approved for controlled use
APR-50097,DOC-10278,Laura Garcia,2024-10-13,Approved,Approved for controlled use
APR-50098,DOC-10953,Daniel Brown,2023-05-05,Approved,Approved for controlled use
APR-50099,DOC-10307,Robert Anderson,2023-08-05,Approved,Approved for controlled use
APR-50100,DOC-10402,John Smith,2026-02-26,Approved,Approved for controlled use
APR-50101,DOC-10977,Maria Lopez,2025-04-28,Approved,Approved for controlled use
APR-50102,DOC-10547,John Smith,2024-07-05,Approved,Approved for controlled use
APR-50103,DOC-10520,John Smith,2025-07-08,Approved,Approved for controlled use
APR-50104,DOC-10698,Maria Lopez,2025-07-15,Approved,Approved for controlled use
APR-50105,DOC-10562,Daniel Brown,2024-10-31,Approved,Approved for controlled use
APR-50106,DOC-10235,Laura Garcia,2026-05-25,Approved,Approved for controlled use
APR-50107,DOC-10246,Sofia Johnson,2025-08-06,Approved,Approved for controlled use
APR-50108,DOC-10498,Daniel Brown,2024-05-15,Approved,Approved for controlled use
APR-50109,DOC-10030,Daniel Brown,2025-01-07,Approved,Approved for controlled use
APR-50110,DOC-10173,Michael Davis,2026-05-24,Approved,Approved for controlled use
APR-50111,DOC-10283,Daniel Brown,2023-07-12,Approved,Approved for controlled use
APR-50112,DOC-10477,Sofia Johnson,2024-06-04,Approved,Approved for controlled use
APR-50113,DOC-10799,Maria Lopez,2026-04-10,Approved,Approved for controlled use
APR-50114,DOC-10451,Laura Garcia,2025-12-29,Approved,Approved for controlled use
APR-50115,DOC-10266,Laura Garcia,2023-05-07,Approved,Approved for controlled use
APR-50116,DOC-10622,Maria Lopez,2023-07-31,Approved,Approved for controlled use
APR-50117,DOC-10118,Robert Anderson,2026-05-19,Approved,Approved for controlled use
APR-50118,DOC-10298,Laura Garcia,2024-07-24,Approved,Approved for controlled use
APR-50119,DOC-10143,Patricia Wilson,2024-12-21,Approved,Approved for controlled use
APR-50120,DOC-10865,Sofia Johnson,2023-04-30,Approved,Approved for controlled use
APR-50121,DOC-10633,Maria Lopez,2026-05-03,Approved,Approved for controlled use
APR-50122,DOC-10893,Michael Davis,2025-12-09,Approved,Approved for controlled use
APR-50123,DOC-10217,John Smith,2024-05-28,Approved,Approved for controlled use
APR-50124,DOC-10525,Ana Rodriguez,2025-01-12,Approved,Approved for controlled use
APR-50125,DOC-10551,Ana Rodriguez,2025-06-28,Approved,Approved for controlled use
APR-50126,DOC-10620,Laura Garcia,2023-12-13,Approved,Approved for controlled use
APR-50127,DOC-10203,Robert Anderson,2023-10-25,Approved,Approved for controlled use
APR-50128,DOC-10602,Michael Davis,2026-06-22,Approved,Approved for controlled use
APR-50129,DOC-10964,Robert Anderson,2024-01-15,Approved,Approved for controlled use
APR-50130,DOC-10444,Michael Davis,2023-06-17,Approved,Approved for controlled use
APR-50131,DOC-10126,Michael Davis,2025-11-29,Approved,Approved for controlled use
APR-50132,DOC-10500,Daniel Brown,2024-02-04,Approved,Approved for controlled use
APR-50133,DOC-10341,Maria Lopez,2025-05-01,Approved,Approved for controlled use
APR-50134,DOC-10706,Maria Lopez,2025-12-26,Approved,Approved for controlled use
APR-50135,DOC-10066,Laura Garcia,2026-05-31,Approved,Approved for controlled use
APR-50136,DOC-10375,Sofia Johnson,2024-11-14,Approved,Approved for controlled use
APR-50137,DOC-10230,Laura Garcia,2023-07-18,Approved,Approved for controlled use
APR-50138,DOC-10414,Carlos Martinez,2026-03-11,Approved,Approved for controlled use
APR-50139,DOC-10924,Sofia Johnson,2025-09-30,Approved,Approved for controlled use
APR-50140,DOC-10378,Daniel Brown,2025-05-16,Approved,Approved for controlled use
APR-50141,DOC-10842,Michael Davis,2023-12-22,Approved,Approved for controlled use
APR-50142,DOC-10651,Robert Anderson,2024-08-30,Approved,Approved for controlled use
APR-50143,DOC-10948,Ana Rodriguez,2025-10-27,Approved,Approved for controlled use
APR-50144,DOC-10781,Daniel Brown,2024-11-08,Approved,Approved for controlled use
APR-50145,DOC-10168,Carlos Martinez,2026-05-07,Approved,Approved for controlled use
APR-50146,DOC-10188,Sofia Johnson,2025-11-08,Approved,Approved for controlled use
APR-50147,DOC-10849,John Smith,2024-11-14,Approved,Approved for controlled use
APR-50148,DOC-10174,Daniel Brown,2025-05-16,Approved,Approved for controlled use
APR-50149,DOC-10332,John Smith,2026-02-11,Approved,Approved for controlled use
APR-50150,DOC-10838,Sofia Johnson,2024-06-26,Approved,Approved for controlled use
APR-50151,DOC-10863,Michael Davis,2025-03-18,Approved,Approved for controlled use
APR-50152,DOC-10951,Daniel Brown,2024-03-15,Approved,Approved for controlled use
APR-50153,DOC-10114,Sofia Johnson,2023-12-05,Approved,Approved for controlled use
APR-50154,DOC-10008,Maria Lopez,2024-06-04,Approved,Approved for controlled use
APR-50155,DOC-10221,Patricia Wilson,2023-11-01,Approved,Approved for controlled use
APR-50156,DOC-10187,Laura Garcia,2024-05-28,Approved,Approved for controlled use
APR-50157,DOC-10767,John Smith,2024-03-06,Approved,Approved for controlled use
APR-50158,DOC-10019,John Smith,2024-04-25,Approved,Approved for controlled use
APR-50159,DOC-10684,Ana Rodriguez,2024-02-22,Approved,Approved for controlled use
APR-50160,DOC-10867,Michael Davis,2024-06-18,Approved,Approved for controlled use
APR-50161,DOC-10368,Ana Rodriguez,2023-10-28,Approved,Approved for controlled use
APR-50162,DOC-10985,Sofia Johnson,2026-04-23,Approved,Approved for controlled use
APR-50163,DOC-10331,Daniel Brown,2024-08-06,Approved,Approved for controlled use
APR-50164,DOC-10316,Patricia Wilson,2023-09-21,Approved,Approved for controlled use
APR-50165,DOC-10419,Ana Rodriguez,2024-12-10,Approved,Approved for controlled use
APR-50166,DOC-10989,Laura Garcia,2023-06-06,Approved,Approved for controlled use
APR-50167,DOC-10427,Sofia Johnson,2025-09-07,Approved,Approved for controlled use
APR-50168,DOC-10147,Carlos Martinez,2023-10-11,Approved,Approved for controlled use
APR-50169,DOC-10314,Sofia Johnson,2024-06-29,Approved,Approved for controlled use
APR-50170,DOC-10954,Maria Lopez,2026-03-26,Approved,Approved for controlled use
APR-50171,DOC-10674,Maria Lopez,2023-12-29,Approved,Approved for controlled use
APR-50172,DOC-10395,Patricia Wilson,2025-04-28,Approved,Approved for controlled use
APR-50173,DOC-10438,John Smith,2025-12-11,Approved,Approved for controlled use
APR-50174,DOC-10299,Maria Lopez,2025-10-18,Approved,Approved for controlled use
APR-50175,DOC-10483,Maria Lopez,2024-03-14,Approved,Approved for controlled use
APR-50176,DOC-10434,Daniel Brown,2025-08-15,Approved,Approved for controlled use
APR-50177,DOC-10708,Laura Garcia,2024-05-08,Approved,Approved for controlled use
APR-50178,DOC-10720,Carlos Martinez,2024-10-31,Approved,Approved for controlled use
APR-50179,DOC-10290,Maria Lopez,2026-04-06,Approved,Approved for controlled use
APR-50180,DOC-10580,John Smith,2023-08-25,Approved,Approved for controlled use
APR-50181,DOC-10199,Robert Anderson,2025-12-22,Approved,Approved for controlled use
APR-50182,DOC-10550,Laura Garcia,2023-07-17,Approved,Approved for controlled use
APR-50183,DOC-10834,Michael Davis,2025-03-11,Approved,Approved for controlled use
APR-50184,DOC-10271,Maria Lopez,2024-01-14,Approved,Approved for controlled use
APR-50185,DOC-10630,Maria Lopez,2025-07-20,Approved,Approved for controlled use
APR-50186,DOC-10881,Laura Garcia,2026-04-18,Approved,Approved for controlled use
APR-50187,DOC-10201,Maria Lopez,2024-02-22,Approved,Approved for controlled use
APR-50188,DOC-10325,Maria Lopez,2023-05-08,Approved,Approved for controlled use
APR-50189,DOC-10276,John Smith,2025-12-21,Approved,Approved for controlled use
APR-50190,DOC-10727,Carlos Martinez,2025-06-06,Approved,Approved for controlled use
APR-50191,DOC-10944,John Smith,2024-02-22,Approved,Approved for controlled use
APR-50192,DOC-10846,Ana Rodriguez,2025-06-06,Approved,Approved for controlled use
APR-50193,DOC-10409,Patricia Wilson,2026-03-06,Approved,Approved for controlled use
APR-50194,DOC-10929,Michael Davis,2025-11-24,Approved,Approved for controlled use
APR-50195,DOC-10064,Michael Davis,2024-03-04,Approved,Approved for controlled use
APR-50196,DOC-10539,Laura Garcia,2024-06-06,Approved,Approved for controlled use
APR-50197,DOC-10108,Sofia Johnson,2024-04-21,Approved,Approved for controlled use
APR-50198,DOC-10961,John Smith,2024-12-10,Approved,Approved for controlled use
APR-50199,DOC-10685,Laura Garcia,2023-10-08,Approved,Approved for controlled use
APR-50200,DOC-10646,John Smith,2025-01-25,Approved,Approved for controlled use
APR-50201,DOC-10852,Laura Garcia,2024-10-23,Approved,Approved for controlled use
APR-50202,DOC-10189,Sofia Johnson,2026-02-20,Approved,Approved for controlled use
APR-50203,DOC-10911,Patricia Wilson,2026-03-23,Approved,Approved for controlled use
APR-50204,DOC-10408,Carlos Martinez,2025-11-02,Approved,Approved for controlled use
APR-50205,DOC-10437,Maria Lopez,2025-12-22,Approved,Approved for controlled use
APR-50206,DOC-10104,Laura Garcia,2024-01-24,Approved,Approved for controlled use
APR-50207,DOC-10078,Carlos Martinez,2024-11-30,Approved,Approved for controlled use
APR-50208,DOC-10613,Ana Rodriguez,2026-04-09,Approved,Approved for controlled use
APR-50209,DOC-10908,Sofia Johnson,2023-09-09,Approved,Approved for controlled use
APR-50210,DOC-10809,Ana Rodriguez,2025-03-02,Approved,Approved for controlled use
APR-50211,DOC-10363,Sofia Johnson,2023-10-24,Approved,Approved for controlled use
APR-50212,DOC-10407,Ana Rodriguez,2026-05-23,Approved,Approved for controlled use
APR-50213,DOC-10232,Daniel Brown,2024-05-09,Approved,Approved for controlled use
APR-50214,DOC-10083,Patricia Wilson,2026-01-09,Approved,Approved for controlled use
APR-50215,DOC-10632,Sofia Johnson,2025-06-25,Approved,Approved for controlled use
APR-50216,DOC-10933,Laura Garcia,2024-12-31,Approved,Approved for controlled use
APR-50217,DOC-10462,John Smith,2024-02-18,Approved,Approved for controlled use
APR-50218,DOC-10175,Michael Davis,2025-09-14,Approved,Approved for controlled use
APR-50219,DOC-10560,John Smith,2026-04-01,Approved,Approved for controlled use
APR-50220,DOC-10259,Ana Rodriguez,2025-07-21,Approved,Approved for controlled use
APR-50221,DOC-10907,Michael Davis,2026-02-15,Approved,Approved for controlled use
APR-50222,DOC-10701,Maria Lopez,2024-12-03,Approved,Approved for controlled use
APR-50223,DOC-10844,Robert Anderson,2024-05-11,Approved,Approved for controlled use
APR-50224,DOC-10941,Robert Anderson,2026-01-11,Approved,Approved for controlled use
APR-50225,DOC-10642,Robert Anderson,2024-02-02,Approved,Approved for controlled use
APR-50226,DOC-10861,Daniel Brown,2023-09-24,Approved,Approved for controlled use
APR-50227,DOC-10353,Daniel Brown,2025-12-24,Approved,Approved for controlled use
APR-50228,DOC-10204,Daniel Brown,2024-03-07,Approved,Approved for controlled use
APR-50229,DOC-10736,Sofia Johnson,2023-08-12,Approved,Approved for controlled use
APR-50230,DOC-10047,Daniel Brown,2023-10-11,Approved,Approved for controlled use
APR-50231,DOC-10349,Carlos Martinez,2023-12-03,Approved,Approved for controlled use
APR-50232,DOC-10476,Robert Anderson,2025-04-26,Approved,Approved for controlled use
APR-50233,DOC-10757,John Smith,2025-12-01,Approved,Approved for controlled use
APR-50234,DOC-10902,Ana Rodriguez,2026-03-06,Approved,Approved for controlled use
APR-50235,DOC-10449,Michael Davis,2025-05-25,Approved,Approved for controlled use
APR-50236,DOC-10330,Ana Rodriguez,2023-07-20,Approved,Approved for controlled use
APR-50237,DOC-10057,Michael Davis,2024-11-01,Approved,Approved for controlled use
APR-50238,DOC-10131,Laura Garcia,2024-06-21,Approved,Approved for controlled use
APR-50239,DOC-10020,Ana Rodriguez,2026-01-20,Approved,Approved for controlled use
APR-50240,DOC-10990,John Smith,2024-06-21,Approved,Approved for controlled use
APR-50241,DOC-10340,Daniel Brown,2025-07-16,Approved,Approved for controlled use
APR-50242,DOC-10724,Laura Garcia,2023-04-24,Approved,Approved for controlled use
APR-50243,DOC-10895,Daniel Brown,2026-05-14,Approved,Approved for controlled use
APR-50244,DOC-10930,Ana Rodriguez,2023-09-22,Approved,Approved for controlled use
APR-50245,DOC-10258,Laura Garcia,2023-11-25,Approved,Approved for controlled use
APR-50246,DOC-10943,Laura Garcia,2023-05-21,Approved,Approved for controlled use
APR-50247,DOC-10729,Maria Lopez,2025-11-14,Approved,Approved for controlled use
APR-50248,DOC-10116,Ana Rodriguez,2023-12-09,Approved,Approved for controlled use
APR-50249,DOC-10055,Laura Garcia,2025-09-29,Approved,Approved for controlled use
APR-50250,DOC-10530,Daniel Brown,2024-01-29,Approved,Approved for controlled use
APR-50251,DOC-10265,John Smith,2023-09-22,Approved,Approved for controlled use
APR-50252,DOC-10677,Ana Rodriguez,2025-08-12,Approved,Approved for controlled use
APR-50253,DOC-10938,Sofia Johnson,2026-06-17,Approved,Approved for controlled use
APR-50254,DOC-10208,Sofia Johnson,2023-08-04,Approved,Approved for controlled use
APR-50255,DOC-10428,Carlos Martinez,2026-05-02,Approved,Approved for controlled use
APR-50256,DOC-10192,Robert Anderson,2025-11-05,Approved,Approved for controlled use
APR-50257,DOC-10564,Ana Rodriguez,2025-11-16,Approved,Approved for controlled use
APR-50258,DOC-10025,Laura Garcia,2025-06-12,Approved,Approved for controlled use
APR-50259,DOC-10983,John Smith,2024-12-19,Approved,Approved for controlled use
APR-50260,DOC-10455,Maria Lopez,2023-06-06,Approved,Approved for controlled use
APR-50261,DOC-10794,Daniel Brown,2024-07-05,Approved,Approved for controlled use
APR-50262,DOC-10721,Robert Anderson,2024-03-09,Approved,Approved for controlled use
APR-50263,DOC-10873,Laura Garcia,2024-10-08,Approved,Approved for controlled use
APR-50264,DOC-10796,Patricia Wilson,2025-08-09,Approved,Approved for controlled use
APR-50265,DOC-10297,Carlos Martinez,2025-02-06,Approved,Approved for controlled use
APR-50266,DOC-10773,Michael Davis,2025-01-12,Approved,Approved for controlled use
APR-50267,DOC-10509,Sofia Johnson,2024-11-20,Approved,Approved for controlled use
APR-50268,DOC-10342,Daniel Brown,2025-05-12,Approved,Approved for controlled use
APR-50269,DOC-10793,Robert Anderson,2025-12-11,Approved,Approved for controlled use
APR-50270,DOC-10696,Robert Anderson,2025-05-05,Approved,Approved for controlled use
APR-50271,DOC-10879,Robert Anderson,2024-07-22,Approved,Approved for controlled use
APR-50272,DOC-10851,Patricia Wilson,2025-04-22,Approved,Approved for controlled use
APR-50273,DOC-10227,Daniel Brown,2025-08-09,Approved,Approved for controlled use
APR-50274,DOC-10242,Laura Garcia,2024-11-04,Approved,Approved for controlled use
APR-50275,DOC-10179,Robert Anderson,2025-08-09,Approved,Approved for controlled use
APR-50276,DOC-10604,Maria Lopez,2025-09-09,Approved,Approved for controlled use
APR-50277,DOC-10386,Michael Davis,2023-08-12,Approved,Approved for controlled use
APR-50278,DOC-10308,Ana Rodriguez,2025-01-22,Approved,Approved for controlled use
APR-50279,DOC-10113,Carlos Martinez,2023-09-26,Approved,Approved for controlled use
APR-50280,DOC-10712,Carlos Martinez,2025-08-20,Approved,Approved for controlled use
APR-50281,DOC-10812,Michael Davis,2024-05-16,Approved,Approved for controlled use
APR-50282,DOC-10987,Patricia Wilson,2023-11-01,Approved,Approved for controlled use
APR-50283,DOC-10233,Robert Anderson,2025-07-08,Approved,Approved for controlled use
APR-50284,DOC-10004,Carlos Martinez,2025-06-24,Approved,Approved for controlled use
APR-50285,DOC-10467,Daniel Brown,2023-10-21,Approved,Approved for controlled use
APR-50286,DOC-10649,Carlos Martinez,2025-01-21,Approved,Approved for controlled use
APR-50287,DOC-10268,Robert Anderson,2025-12-25,Approved,Approved for controlled use
APR-50288,DOC-10606,Carlos Martinez,2025-08-04,Approved,Approved for controlled use
APR-50289,DOC-10095,Robert Anderson,2026-02-24,Approved,Approved for controlled use
APR-50290,DOC-10061,John Smith,2024-12-17,Approved,Approved for controlled use
APR-50291,DOC-10473,Patricia Wilson,2023-09-16,Approved,Approved for controlled use
APR-50292,DOC-10926,Ana Rodriguez,2024-05-30,Approved,Approved for controlled use
APR-50293,DOC-10854,Robert Anderson,2024-08-03,Approved,Approved for controlled use
APR-50294,DOC-10747,Maria Lopez,2024-03-15,Approved,Approved for controlled use
APR-50295,DOC-10123,Michael Davis,2025-01-11,Approved,Approved for controlled use
APR-50296,DOC-10149,Robert Anderson,2024-01-22,Approved,Approved for controlled use
APR-50297,DOC-10190,Maria Lopez,2025-01-16,Approved,Approved for controlled use
APR-50298,DOC-10459,Ana Rodriguez,2025-06-30,Approved,Approved for controlled use
APR-50299,DOC-10875,Sofia Johnson,2024-12-17,Approved,Approved for controlled use
APR-50300,DOC-10823,Daniel Brown,2023-11-23,Approved,Approved for controlled use
APR-50301,DOC-10026,Michael Davis,2025-11-12,Approved,Approved for controlled use
APR-50302,DOC-10697,Carlos Martinez,2024-11-18,Approved,Approved for controlled use
APR-50303,DOC-10789,Daniel Brown,2025-01-24,Approved,Approved for controlled use
APR-50304,DOC-10936,Robert Anderson,2026-03-24,Approved,Approved for controlled use
APR-50305,DOC-10569,Patricia Wilson,2023-11-07,Approved,Approved for controlled use
APR-50306,DOC-10072,Sofia Johnson,2023-07-13,Approved,Approved for controlled use
APR-50307,DOC-10896,Michael Davis,2026-06-09,Approved,Approved for controlled use
APR-50308,DOC-10306,Robert Anderson,2024-07-17,Approved,Approved for controlled use
APR-50309,DOC-10433,Carlos Martinez,2025-04-08,Approved,Approved for controlled use
APR-50310,DOC-10932,Robert Anderson,2023-07-27,Approved,Approved for controlled use
APR-50311,DOC-10600,Maria Lopez,2024-05-01,Approved,Approved for controlled use
APR-50312,DOC-10284,John Smith,2024-12-06,Approved,Approved for controlled use
APR-50313,DOC-10361,Patricia Wilson,2023-07-17,Approved,Approved for controlled use
APR-50314,DOC-10110,Sofia Johnson,2024-11-21,Approved,Approved for controlled use
APR-50315,DOC-10255,Ana Rodriguez,2024-06-11,Approved,Approved for controlled use
APR-50316,DOC-10141,John Smith,2025-11-15,Approved,Approved for controlled use
APR-50317,DOC-10691,Sofia Johnson,2024-01-31,Approved,Approved for controlled use
APR-50318,DOC-10231,Laura Garcia,2026-05-26,Approved,Approved for controlled use
APR-50319,DOC-10610,John Smith,2025-07-17,Approved,Approved for controlled use
APR-50320,DOC-10137,Ana Rodriguez,2026-03-29,Approved,Approved for controlled use
APR-50321,DOC-10590,Daniel Brown,2024-11-04,Approved,Approved for controlled use
APR-50322,DOC-10805,Laura Garcia,2025-12-16,Approved,Approved for controlled use
APR-50323,DOC-10380,Ana Rodriguez,2024-07-03,Approved,Approved for controlled use
APR-50324,DOC-10074,Laura Garcia,2025-09-04,Approved,Approved for controlled use
APR-50325,DOC-10142,Michael Davis,2023-09-23,Approved,Approved for controlled use
APR-50326,DOC-10894,Maria Lopez,2023-04-13,Approved,Approved for controlled use
APR-50327,DOC-10303,Michael Davis,2024-12-30,Approved,Approved for controlled use
APR-50328,DOC-10152,Carlos Martinez,2023-08-06,Approved,Approved for controlled use
APR-50329,DOC-10667,Michael Davis,2023-04-12,Approved,Approved for controlled use
APR-50330,DOC-10263,Laura Garcia,2025-06-06,Approved,Approved for controlled use
APR-50331,DOC-10795,Laura Garcia,2024-02-16,Approved,Approved for controlled use
APR-50332,DOC-10249,John Smith,2024-03-17,Approved,Approved for controlled use
APR-50333,DOC-10731,John Smith,2025-02-16,Approved,Approved for controlled use
APR-50334,DOC-10516,Patricia Wilson,2025-03-05,Approved,Approved for controlled use
APR-50335,DOC-10398,Daniel Brown,2024-08-26,Approved,Approved for controlled use
APR-50336,DOC-10195,Daniel Brown,2024-03-18,Approved,Approved for controlled use
APR-50337,DOC-10766,Patricia Wilson,2025-08-01,Approved,Approved for controlled use
APR-50338,DOC-10463,Ana Rodriguez,2024-12-21,Approved,Approved for controlled use
APR-50339,DOC-10051,Ana Rodriguez,2024-12-02,Approved,Approved for controlled use
APR-50340,DOC-10420,Daniel Brown,2024-01-28,Approved,Approved for controlled use
APR-50341,DOC-10050,John Smith,2025-01-04,Approved,Approved for controlled use
APR-50342,DOC-10279,Daniel Brown,2023-10-23,Approved,Approved for controlled use
APR-50343,DOC-10639,Robert Anderson,2023-09-02,Approved,Approved for controlled use
APR-50344,DOC-10128,Patricia Wilson,2025-06-29,Approved,Approved for controlled use
APR-50345,DOC-10001,Laura Garcia,2026-04-03,Approved,Approved for controlled use
APR-50346,DOC-10401,Maria Lopez,2025-02-13,Approved,Approved for controlled use
APR-50347,DOC-10770,Laura Garcia,2024-10-02,Approved,Approved for controlled use
APR-50348,DOC-10003,Maria Lopez,2023-07-18,Approved,Approved for controlled use
APR-50349,DOC-10240,Laura Garcia,2024-01-26,Approved,Approved for controlled use
APR-50350,DOC-10285,Maria Lopez,2025-06-11,Approved,Approved for controlled use
APR-50351,DOC-10228,Daniel Brown,2025-04-16,Approved,Approved for controlled use
APR-50352,DOC-10599,Maria Lopez,2023-09-22,Approved,Approved for controlled use
APR-50353,DOC-10749,Daniel Brown,2025-01-08,Approved,Approved for controlled use
APR-50354,DOC-10425,Michael Davis,2025-04-09,Approved,Approved for controlled use
APR-50355,DOC-10460,Patricia Wilson,2024-01-21,Approved,Approved for controlled use
APR-50356,DOC-10060,Patricia Wilson,2025-04-05,Approved,Approved for controlled use
APR-50357,DOC-10132,Ana Rodriguez,2023-11-03,Approved,Approved for controlled use
APR-50358,DOC-10144,Patricia Wilson,2025-01-28,Approved,Approved for controlled use
APR-50359,DOC-10494,Carlos Martinez,2025-09-16,Approved,Approved for controlled use
APR-50360,DOC-10504,Laura Garcia,2023-10-11,Approved,Approved for controlled use
APR-50361,DOC-10682,Sofia Johnson,2025-12-21,Approved,Approved for controlled use
APR-50362,DOC-10167,Carlos Martinez,2025-02-28,Approved,Approved for controlled use
APR-50363,DOC-10877,Patricia Wilson,2026-01-25,Approved,Approved for controlled use
APR-50364,DOC-10502,John Smith,2024-06-23,Approved,Approved for controlled use
APR-50365,DOC-10120,Michael Davis,2024-04-02,Approved,Approved for controlled use
APR-50366,DOC-10435,John Smith,2023-05-13,Approved,Approved for controlled use
APR-50367,DOC-10654,Carlos Martinez,2024-05-23,Approved,Approved for controlled use
APR-50368,DOC-10778,Laura Garcia,2023-05-30,Approved,Approved for controlled use
APR-50369,DOC-10787,Daniel Brown,2025-05-15,Approved,Approved for controlled use
APR-50370,DOC-10686,Ana Rodriguez,2026-02-03,Approved,Approved for controlled use
APR-50371,DOC-10117,John Smith,2025-12-19,Approved,Approved for controlled use
APR-50372,DOC-10337,Sofia Johnson,2024-09-20,Approved,Approved for controlled use
APR-50373,DOC-10611,John Smith,2024-04-12,Approved,Approved for controlled use
APR-50374,DOC-10035,Patricia Wilson,2026-05-06,Approved,Approved for controlled use
APR-50375,DOC-10576,John Smith,2024-11-05,Approved,Approved for controlled use
APR-50376,DOC-10523,Robert Anderson,2025-09-27,Approved,Approved for controlled use
APR-50377,DOC-10942,Carlos Martinez,2025-07-02,Approved,Approved for controlled use
APR-50378,DOC-10816,Robert Anderson,2024-08-31,Approved,Approved for controlled use
APR-50379,DOC-10085,John Smith,2023-06-30,Approved,Approved for controlled use
APR-50380,DOC-10664,Maria Lopez,2024-03-31,Approved,Approved for controlled use
APR-50381,DOC-10533,Daniel Brown,2023-10-07,Approved,Approved for controlled use
APR-50382,DOC-10743,Laura Garcia,2025-11-20,Approved,Approved for controlled use
APR-50383,DOC-10982,Carlos Martinez,2025-05-20,Approved,Approved for controlled use
APR-50384,DOC-10081,Patricia Wilson,2025-10-25,Approved,Approved for controlled use
APR-50385,DOC-10635,Robert Anderson,2023-09-04,Approved,Approved for controlled use
APR-50386,DOC-10748,Sofia Johnson,2026-06-30,Approved,Approved for controlled use
APR-50387,DOC-10858,Daniel Brown,2025-12-10,Approved,Approved for controlled use
APR-50388,DOC-10845,Ana Rodriguez,2023-10-28,Approved,Approved for controlled use
APR-50389,DOC-10343,Carlos Martinez,2025-05-19,Approved,Approved for controlled use
APR-50390,DOC-10291,Sofia Johnson,2024-01-01,Approved,Approved for controlled use
APR-50391,DOC-10627,Carlos Martinez,2026-04-17,Approved,Approved for controlled use
APR-50392,DOC-10092,Sofia Johnson,2024-03-03,Approved,Approved for controlled use
APR-50393,DOC-10609,Maria Lopez,2025-09-05,Approved,Approved for controlled use
APR-50394,DOC-10478,Michael Davis,2023-12-21,Approved,Approved for controlled use
APR-50395,DOC-10974,Michael Davis,2025-05-31,Approved,Approved for controlled use
APR-50396,DOC-10739,Patricia Wilson,2024-07-10,Approved,Approved for controlled use
APR-50397,DOC-10588,Carlos Martinez,2026-01-05,Approved,Approved for controlled use
APR-50398,DOC-10426,Maria Lopez,2023-08-30,Approved,Approved for controlled use
APR-50399,DOC-10366,Ana Rodriguez,2024-10-16,Approved,Approved for controlled use
APR-50400,DOC-10311,Carlos Martinez,2023-05-30,Approved,Approved for controlled use
APR-50401,DOC-10782,Robert Anderson,2025-02-06,Approved,Approved for controlled use
APR-50402,DOC-10905,Carlos Martinez,2023-08-09,Approved,Approved for controlled use
APR-50403,DOC-10825,Sofia Johnson,2026-03-09,Approved,Approved for controlled use
APR-50404,DOC-10866,Michael Davis,2025-02-11,Approved,Approved for controlled use
APR-50405,DOC-10761,Carlos Martinez,2025-08-31,Approved,Approved for controlled use
APR-50406,DOC-10535,Sofia Johnson,2024-01-04,Approved,Approved for controlled use
APR-50407,DOC-10411,Patricia Wilson,2023-11-27,Approved,Approved for controlled use
APR-50408,DOC-10345,Sofia Johnson,2026-06-18,Approved,Approved for controlled use
APR-50409,DOC-10640,Carlos Martinez,2024-09-04,Approved,Approved for controlled use
APR-50410,DOC-10184,Daniel Brown,2025-10-20,Approved,Approved for controlled use
APR-50411,DOC-10872,Michael Davis,2026-03-09,Approved,Approved for controlled use
APR-50412,DOC-10319,Daniel Brown,2024-01-21,Approved,Approved for controlled use
APR-50413,DOC-10388,Ana Rodriguez,2026-05-02,Approved,Approved for controlled use
APR-50414,DOC-10241,Laura Garcia,2025-06-22,Approved,Approved for controlled use
APR-50415,DOC-10777,Michael Davis,2023-08-25,Approved,Approved for controlled use
APR-50416,DOC-10281,Robert Anderson,2024-07-05,Approved,Approved for controlled use
APR-50417,DOC-10889,Carlos Martinez,2023-04-12,Approved,Approved for controlled use
APR-50418,DOC-10769,Robert Anderson,2023-11-23,Approved,Approved for controlled use
APR-50419,DOC-10044,John Smith,2024-09-24,Approved,Approved for controlled use
APR-50420,DOC-10322,Robert Anderson,2026-03-03,Approved,Approved for controlled use
APR-50421,DOC-10888,John Smith,2025-12-19,Approved,Approved for controlled use
APR-50422,DOC-10042,John Smith,2024-02-15,Approved,Approved for controlled use
APR-50423,DOC-10571,Michael Davis,2024-03-04,Approved,Approved for controlled use
APR-50424,DOC-10447,Robert Anderson,2024-07-06,Approved,Approved for controlled use
APR-50425,DOC-10786,Maria Lopez,2025-01-17,Approved,Approved for controlled use
APR-50426,DOC-10722,Daniel Brown,2023-05-12,Approved,Approved for controlled use
APR-50427,DOC-10211,Carlos Martinez,2024-03-18,Approved,Approved for controlled use
APR-50428,DOC-10214,Daniel Brown,2025-11-24,Approved,Approved for controlled use
APR-50429,DOC-10862,Sofia Johnson,2026-05-30,Approved,Approved for controlled use
APR-50430,DOC-10806,John Smith,2023-05-01,Approved,Approved for controlled use
APR-50431,DOC-10792,John Smith,2025-01-05,Approved,Approved for controlled use
APR-50432,DOC-10947,Sofia Johnson,2024-08-29,Approved,Approved for controlled use
APR-50433,DOC-10508,Sofia Johnson,2025-07-31,Approved,Approved for controlled use
APR-50434,DOC-10206,Carlos Martinez,2023-06-14,Approved,Approved for controlled use
APR-50435,DOC-10705,John Smith,2025-12-17,Approved,Approved for controlled use
APR-50436,DOC-10396,Laura Garcia,2024-05-10,Approved,Approved for controlled use
APR-50437,DOC-10112,Maria Lopez,2023-06-11,Approved,Approved for controlled use
APR-50438,DOC-10750,Carlos Martinez,2025-06-11,Approved,Approved for controlled use
APR-50439,DOC-10058,Robert Anderson,2024-11-21,Approved,Approved for controlled use
APR-50440,DOC-10647,Sofia Johnson,2023-05-01,Approved,Approved for controlled use
APR-50441,DOC-10581,John Smith,2025-08-27,Approved,Approved for controlled use
APR-50442,DOC-10080,Michael Davis,2024-12-18,Approved,Approved for controlled use
APR-50443,DOC-10853,Laura Garcia,2025-10-15,Approved,Approved for controlled use
APR-50444,DOC-10681,Maria Lopez,2026-03-21,Approved,Approved for controlled use
APR-50445,DOC-10164,Ana Rodriguez,2025-07-01,Approved,Approved for controlled use
APR-50446,DOC-10367,John Smith,2023-09-11,Approved,Approved for controlled use
APR-50447,DOC-10695,Ana Rodriguez,2023-12-23,Approved,Approved for controlled use
APR-50448,DOC-10432,Ana Rodriguez,2025-07-04,Approved,Approved for controlled use
APR-50449,DOC-10039,John Smith,2025-12-24,Approved,Approved for controlled use
APR-50450,DOC-10372,John Smith,2024-04-10,Approved,Approved for controlled use
APR-50451,DOC-10837,Sofia Johnson,2023-10-08,Approved,Approved for controlled use
APR-50452,DOC-10292,Michael Davis,2026-05-31,Approved,Approved for controlled use
APR-50453,DOC-10876,Sofia Johnson,2025-01-27,Approved,Approved for controlled use
APR-50454,DOC-10755,Sofia Johnson,2024-01-10,Approved,Approved for controlled use
APR-50455,DOC-10210,Carlos Martinez,2023-08-19,Approved,Approved for controlled use
APR-50456,DOC-10185,John Smith,2026-05-26,Approved,Approved for controlled use
APR-50457,DOC-10946,Robert Anderson,2026-03-14,Approved,Approved for controlled use
APR-50458,DOC-10735,Patricia Wilson,2024-04-28,Approved,Approved for controlled use
APR-50459,DOC-10119,Carlos Martinez,2024-07-04,Approved,Approved for controlled use
APR-50460,DOC-10538,Sofia Johnson,2025-11-19,Approved,Approved for controlled use
APR-50461,DOC-10563,Maria Lopez,2026-04-23,Approved,Approved for controlled use
APR-50462,DOC-10505,Daniel Brown,2025-06-23,Approved,Approved for controlled use
APR-50463,DOC-10452,Michael Davis,2026-01-07,Approved,Approved for controlled use
APR-50464,DOC-10439,Laura Garcia,2024-03-23,Approved,Approved for controlled use
APR-50465,DOC-10202,Daniel Brown,2024-07-21,Approved,Approved for controlled use
APR-50466,DOC-10592,Patricia Wilson,2026-02-12,Approved,Approved for controlled use
APR-50467,DOC-10976,Daniel Brown,2024-08-14,Approved,Approved for controlled use
APR-50468,DOC-10041,Ana Rodriguez,2025-05-28,Approved,Approved for controlled use
APR-50469,DOC-10751,Robert Anderson,2026-02-11,Approved,Approved for controlled use
APR-50470,DOC-10219,Daniel Brown,2025-05-11,Approved,Approved for controlled use
APR-50471,DOC-10213,Daniel Brown,2026-05-23,Approved,Approved for controlled use
APR-50472,DOC-10205,Laura Garcia,2025-05-31,Approved,Approved for controlled use
APR-50473,DOC-10071,Patricia Wilson,2024-01-07,Approved,Approved for controlled use
APR-50474,DOC-10745,Daniel Brown,2026-03-07,Approved,Approved for controlled use
APR-50475,DOC-10121,Maria Lopez,2024-10-14,Approved,Approved for controlled use
APR-50476,DOC-10021,Sofia Johnson,2024-08-03,Approved,Approved for controlled use
APR-50477,DOC-10886,Daniel Brown,2026-01-25,Approved,Approved for controlled use
APR-50478,DOC-10013,Michael Davis,2024-05-06,Approved,Approved for controlled use
APR-50479,DOC-10251,Patricia Wilson,2025-08-17,Approved,Approved for controlled use
APR-50480,DOC-10833,John Smith,2024-01-06,Approved,Approved for controlled use
APR-50481,DOC-10394,Patricia Wilson,2024-10-18,Approved,Approved for controlled use
APR-50482,DOC-10552,Robert Anderson,2026-01-13,Approved,Approved for controlled use
APR-50483,DOC-10415,Patricia Wilson,2025-05-30,Approved,Approved for controlled use
APR-50484,DOC-10914,Robert Anderson,2023-10-21,Approved,Approved for controlled use
APR-50485,DOC-10981,Carlos Martinez,2024-08-21,Approved,Approved for controlled use
APR-50486,DOC-10760,Maria Lopez,2024-05-19,Approved,Approved for controlled use
APR-50487,DOC-10194,Maria Lopez,2025-04-06,Approved,Approved for controlled use
APR-50488,DOC-10636,Patricia Wilson,2025-10-19,Approved,Approved for controlled use
APR-50489,DOC-10517,Patricia Wilson,2023-08-23,Approved,Approved for controlled use
APR-50490,DOC-10714,Robert Anderson,2025-11-29,Approved,Approved for controlled use
APR-50491,DOC-10491,Sofia Johnson,2025-05-06,Approved,Approved for controlled use
APR-50492,DOC-10726,Laura Garcia,2025-06-07,Approved,Approved for controlled use
APR-50493,DOC-10084,Daniel Brown,2023-11-17,Approved,Approved for controlled use
APR-50494,DOC-10839,Maria Lopez,2025-09-18,Approved,Approved for controlled use
APR-50495,DOC-10176,Daniel Brown,2023-04-21,Approved,Approved for controlled use
APR-50496,DOC-10076,Ana Rodriguez,2025-10-15,Approved,Approved for controlled use
APR-50497,DOC-10087,Ana Rodriguez,2025-01-28,Approved,Approved for controlled use
APR-50498,DOC-10122,Robert Anderson,2025-07-14,Approved,Approved for controlled use
APR-50499,DOC-10033,Ana Rodriguez,2024-10-02,Approved,Approved for controlled use
APR-50500,DOC-10082,Carlos Martinez,2023-09-21,Approved,Approved for controlled use
APR-50501,DOC-10566,Laura Garcia,2025-08-08,Approved,Approved for controlled use
APR-50502,DOC-10264,John Smith,2023-09-30,Approved,Approved for controlled use
APR-50503,DOC-10922,Maria Lopez,2023-10-05,Approved,Approved for controlled use
APR-50504,DOC-10555,Laura Garcia,2023-07-11,Approved,Approved for controlled use
APR-50505,DOC-10577,Sofia Johnson,2024-12-30,Approved,Approved for controlled use
APR-50506,DOC-10945,Ana Rodriguez,2026-03-28,Approved,Approved for controlled use
APR-50507,DOC-10216,Carlos Martinez,2024-12-30,Approved,Approved for controlled use
APR-50508,DOC-10807,Maria Lopez,2025-05-28,Approved,Approved for controlled use
APR-50509,DOC-10354,John Smith,2026-03-17,Approved,Approved for controlled use
APR-50510,DOC-10002,John Smith,2025-10-28,Approved,Approved for controlled use
APR-50511,DOC-10376,Maria Lopez,2026-07-01,Approved,Approved for controlled use
APR-50512,DOC-10800,Laura Garcia,2023-09-02,Approved,Approved for controlled use
APR-50513,DOC-10759,Maria Lopez,2025-11-17,Approved,Approved for controlled use
APR-50514,DOC-10280,Michael Davis,2026-02-13,Approved,Approved for controlled use
APR-50515,DOC-10994,Ana Rodriguez,2026-04-08,Approved,Approved for controlled use
APR-50516,DOC-10746,Ana Rodriguez,2025-07-13,Approved,Approved for controlled use
APR-50517,DOC-10487,Robert Anderson,2024-07-15,Approved,Approved for controlled use
APR-50518,DOC-10212,Daniel Brown,2024-09-22,Approved,Approved for controlled use
APR-50519,DOC-10710,Daniel Brown,2023-12-04,Approved,Approved for controlled use
APR-50520,DOC-10524,Sofia Johnson,2025-07-26,Approved,Approved for controlled use
APR-50521,DOC-10102,Robert Anderson,2025-11-23,Approved,Approved for controlled use
APR-50522,DOC-10105,Michael Davis,2026-02-12,Approved,Approved for controlled use
APR-50523,DOC-10163,Robert Anderson,2024-01-08,Approved,Approved for controlled use
APR-50524,DOC-10631,Michael Davis,2025-09-22,Approved,Approved for controlled use
APR-50525,DOC-10734,Michael Davis,2024-11-11,Approved,Approved for controlled use
APR-50526,DOC-10971,Daniel Brown,2023-06-19,Approved,Approved for controlled use
APR-50527,DOC-10960,Sofia Johnson,2024-03-28,Approved,Approved for controlled use
APR-50528,DOC-10780,Ana Rodriguez,2024-04-25,Approved,Approved for controlled use
APR-50529,DOC-10275,Maria Lopez,2025-01-30,Approved,Approved for controlled use
APR-50530,DOC-10657,Robert Anderson,2025-05-27,Approved,Approved for controlled use
APR-50531,DOC-10289,Daniel Brown,2024-01-11,Approved,Approved for controlled use
APR-50532,DOC-10783,John Smith,2024-12-07,Approved,Approved for controlled use
APR-50533,DOC-10125,John Smith,2025-01-02,Approved,Approved for controlled use
APR-50534,DOC-10405,Maria Lopez,2023-04-06,Approved,Approved for controlled use
APR-50535,DOC-10575,Sofia Johnson,2025-10-13,Approved,Approved for controlled use
APR-50536,DOC-10374,Maria Lopez,2024-08-16,Approved,Approved for controlled use
APR-50537,DOC-10874,Carlos Martinez,2024-06-02,Approved,Approved for controlled use
APR-50538,DOC-10207,Michael Davis,2023-09-15,Approved,Approved for controlled use
APR-50539,DOC-10678,Daniel Brown,2024-11-22,Approved,Approved for controlled use
APR-50540,DOC-10159,Robert Anderson,2025-04-09,Approved,Approved for controlled use
APR-50541,DOC-10313,John Smith,2024-08-18,Approved,Approved for controlled use
APR-50542,DOC-10350,Sofia Johnson,2025-07-07,Approved,Approved for controlled use
APR-50543,DOC-10644,Michael Davis,2023-10-27,Approved,Approved for controlled use
APR-50544,DOC-10918,Robert Anderson,2024-06-03,Approved,Approved for controlled use
APR-50545,DOC-10158,Maria Lopez,2023-04-24,Approved,Approved for controlled use
APR-50546,DOC-10381,Laura Garcia,2023-12-24,Approved,Approved for controlled use
APR-50547,DOC-10096,John Smith,2024-11-06,Approved,Approved for controlled use
APR-50548,DOC-10546,Michael Davis,2025-10-31,Approved,Approved for controlled use
APR-50549,DOC-10413,Patricia Wilson,2025-03-26,Approved,Approved for controlled use
APR-50550,DOC-10177,Michael Davis,2025-01-01,Approved,Approved for controlled use
APR-50551,DOC-10183,Robert Anderson,2024-12-06,Approved,Approved for controlled use
APR-50552,DOC-10172,Patricia Wilson,2024-02-14,Approved,Approved for controlled use
APR-50553,DOC-10510,Sofia Johnson,2024-09-17,Approved,Approved for controlled use
APR-50554,DOC-10007,Maria Lopez,2026-02-21,Approved,Approved for controlled use
APR-50555,DOC-10133,Michael Davis,2024-06-09,Approved,Approved for controlled use
APR-50556,DOC-10090,Michael Davis,2026-01-25,Approved,Approved for controlled use
APR-50557,DOC-10843,Laura Garcia,2024-12-14,Approved,Approved for controlled use
APR-50558,DOC-10272,Sofia Johnson,2024-05-31,Approved,Approved for controlled use
APR-50559,DOC-10412,Daniel Brown,2024-12-13,Approved,Approved for controlled use
APR-50560,DOC-10048,Maria Lopez,2023-09-27,Approved,Approved for controlled use
APR-50561,DOC-10018,Maria Lopez,2024-07-01,Approved,Approved for controlled use
APR-50562,DOC-10222,Michael Davis,2023-09-29,Approved,Approved for controlled use
APR-50563,DOC-10717,Carlos Martinez,2024-10-07,Approved,Approved for controlled use
APR-50564,DOC-10967,Ana Rodriguez,2025-09-24,Approved,Approved for controlled use
APR-50565,DOC-10037,Ana Rodriguez,2024-05-06,Approved,Approved for controlled use
APR-50566,DOC-10738,Sofia Johnson,2025-06-10,Approved,Approved for controlled use
APR-50567,DOC-10016,Carlos Martinez,2023-12-18,Approved,Approved for controlled use
APR-50568,DOC-10339,Robert Anderson,2024-10-27,Approved,Approved for controlled use
APR-50569,DOC-10585,Carlos Martinez,2025-05-19,Approved,Approved for controlled use
APR-50570,DOC-10479,Maria Lopez,2024-10-24,Approved,Approved for controlled use
APR-50571,DOC-10294,Laura Garcia,2023-08-31,Approved,Approved for controlled use
APR-50572,DOC-10324,Laura Garcia,2023-11-02,Approved,Approved for controlled use
APR-50573,DOC-10822,Robert Anderson,2024-07-19,Approved,Approved for controlled use
APR-50574,DOC-10514,Michael Davis,2026-07-14,Approved,Approved for controlled use
APR-50575,DOC-10618,Daniel Brown,2024-06-15,Approved,Approved for controlled use
APR-50576,DOC-10916,John Smith,2024-10-18,Approved,Approved for controlled use
APR-50577,DOC-10605,Daniel Brown,2023-06-19,Approved,Approved for controlled use
APR-50578,DOC-10317,Maria Lopez,2025-09-02,Approved,Approved for controlled use
APR-50579,DOC-10984,Michael Davis,2025-05-29,Approved,Approved for controlled use
APR-50580,DOC-10238,Sofia Johnson,2026-01-03,Approved,Approved for controlled use
APR-50581,DOC-10762,Patricia Wilson,2026-04-24,Approved,Approved for controlled use
APR-50582,DOC-10243,Maria Lopez,2025-05-23,Approved,Approved for controlled use
APR-50583,DOC-10797,Maria Lopez,2026-01-02,Approved,Approved for controlled use
APR-50584,DOC-10197,Daniel Brown,2023-10-17,Approved,Approved for controlled use
APR-50585,DOC-10495,Ana Rodriguez,2024-01-02,Approved,Approved for controlled use
APR-50586,DOC-10672,Robert Anderson,2026-02-15,Pending,Pending during review cycle
APR-50587,DOC-10310,Patricia Wilson,2023-11-30,Rejected,Rejected during review cycle
APR-50588,DOC-10169,Ana Rodriguez,2025-06-18,Pending,Pending during review cycle
APR-50589,DOC-10145,Laura Garcia,2026-04-29,Pending,Pending during review cycle
APR-50590,DOC-10022,Robert Anderson,2026-05-06,Pending,Pending during review cycle
APR-50591,DOC-10220,Sofia Johnson,2024-08-05,Pending,Pending during review cycle
APR-50592,DOC-10100,Maria Lopez,2026-02-21,Rejected,Rejected during review cycle
APR-50593,DOC-10817,Robert Anderson,2026-02-17,Pending,Pending during review cycle
APR-50594,DOC-10261,Ana Rodriguez,2025-11-15,Rejected,Rejected during review cycle
APR-50595,DOC-10931,Patricia Wilson,2024-12-06,Pending,Pending during review cycle
APR-50596,DOC-10274,Laura Garcia,2023-07-29,Pending,Pending during review cycle
APR-50597,DOC-10557,John Smith,2024-09-28,Pending,Pending during review cycle
APR-50598,DOC-10919,Sofia Johnson,2025-06-21,Pending,Pending during review cycle
APR-50599,DOC-10744,Sofia Johnson,2025-06-27,Pending,Pending during review cycle
APR-50600,DOC-10465,Daniel Brown,2024-11-06,Pending,Pending during review cycle
APR-50601,DOC-10776,Patricia Wilson,2024-11-11,Pending,Pending during review cycle
APR-50602,DOC-10335,Daniel Brown,2026-01-04,Pending,Pending during review cycle
APR-50603,DOC-10626,Sofia Johnson,2024-10-15,Pending,Pending during review cycle
APR-50604,DOC-10075,Michael Davis,2026-02-08,Rejected,Rejected during review cycle
APR-50605,DOC-10955,Michael Davis,2024-10-01,Pending,Pending during review cycle
APR-50606,DOC-10827,Robert Anderson,2025-02-07,Pending,Pending during review cycle
APR-50607,DOC-10503,Patricia Wilson,2024-08-30,Pending,Pending during review cycle
APR-50608,DOC-10135,Robert Anderson,2023-12-18,Pending,Pending during review cycle
APR-50609,DOC-10802,Robert Anderson,2025-01-02,Rejected,Rejected during review cycle
APR-50610,DOC-10032,Michael Davis,2025-04-14,Pending,Pending during review cycle
APR-50611,DOC-10302,Maria Lopez,2025-06-21,Pending,Pending during review cycle
APR-50612,DOC-10277,Michael Davis,2024-04-09,Rejected,Rejected during review cycle
APR-50613,DOC-10180,Patricia Wilson,2026-04-08,Pending,Pending during review cycle
APR-50614,DOC-10365,Robert Anderson,2024-05-06,Pending,Pending during review cycle
APR-50615,DOC-10165,Maria Lopez,2024-04-29,Pending,Pending during review cycle
APR-50616,DOC-10484,Sofia Johnson,2025-10-11,Pending,Pending during review cycle
APR-50617,DOC-10010,Sofia Johnson,2024-02-18,Rejected,Rejected during review cycle
APR-50618,DOC-10904,Sofia Johnson,2026-05-04,Rejected,Rejected during review cycle
APR-50619,DOC-10056,Patricia Wilson,2025-02-01,Pending,Pending during review cycle
APR-50620,DOC-10675,Daniel Brown,2025-06-03,Pending,Pending during review cycle
APR-50621,DOC-10012,Daniel Brown,2025-04-03,Rejected,Rejected during review cycle
APR-50622,DOC-10134,Carlos Martinez,2024-08-28,Pending,Pending during review cycle
APR-50623,DOC-10716,Carlos Martinez,2023-11-19,Pending,Pending during review cycle
APR-50624,DOC-10336,Sofia Johnson,2024-09-20,Pending,Pending during review cycle
APR-50625,DOC-10718,Daniel Brown,2023-10-29,Pending,Pending during review cycle
APR-50626,DOC-10880,Ana Rodriguez,2023-05-15,Pending,Pending during review cycle
APR-50627,DOC-10370,Sofia Johnson,2023-09-23,Pending,Pending during review cycle
APR-50628,DOC-10993,Ana Rodriguez,2026-02-24,Pending,Pending during review cycle
APR-50629,DOC-10390,Carlos Martinez,2024-01-24,Rejected,Rejected during review cycle
APR-50630,DOC-10998,Robert Anderson,2024-02-26,Pending,Pending during review cycle
APR-50631,DOC-10890,Laura Garcia,2023-10-02,Pending,Pending during review cycle
APR-50632,DOC-10288,Sofia Johnson,2026-02-12,Pending,Pending during review cycle
APR-50633,DOC-10262,Daniel Brown,2025-02-22,Rejected,Rejected during review cycle
APR-50634,DOC-10621,Patricia Wilson,2024-02-09,Rejected,Rejected during review cycle
APR-50635,DOC-10772,Daniel Brown,2025-01-10,Pending,Pending during review cycle
APR-50636,DOC-10687,Michael Davis,2024-12-13,Pending,Pending during review cycle
APR-50637,DOC-10860,Patricia Wilson,2025-08-03,Pending,Pending during review cycle
APR-50638,DOC-10115,Maria Lopez,2025-10-14,Pending,Pending during review cycle
APR-50639,DOC-10252,Sofia Johnson,2023-08-26,Rejected,Rejected during review cycle
APR-50640,DOC-10273,Carlos Martinez,2023-11-12,Pending,Pending during review cycle
APR-50641,DOC-10346,Robert Anderson,2024-11-21,Pending,Pending during review cycle
APR-50642,DOC-10741,Daniel Brown,2024-01-17,Pending,Pending during review cycle
APR-50643,DOC-10389,Michael Davis,2024-07-31,Rejected,Rejected during review cycle
APR-50644,DOC-10338,Carlos Martinez,2023-11-10,Pending,Pending during review cycle
APR-50645,DOC-10526,Michael Davis,2024-04-10,Rejected,Rejected during review cycle
APR-50646,DOC-10490,Sofia Johnson,2025-10-15,Pending,Pending during review cycle
APR-50647,DOC-10029,Robert Anderson,2023-11-28,Pending,Pending during review cycle
APR-50648,DOC-10079,Patricia Wilson,2024-10-25,Pending,Pending during review cycle
APR-50649,DOC-10423,Laura Garcia,2026-03-29,Pending,Pending during review cycle
APR-50650,DOC-10070,Robert Anderson,2025-02-07,Pending,Pending during review cycle
APR-50651,DOC-10700,Sofia Johnson,2024-07-08,Pending,Pending during review cycle
APR-50652,DOC-10320,Ana Rodriguez,2024-11-20,Rejected,Rejected during review cycle
APR-50653,DOC-10594,Patricia Wilson,2026-04-10,Pending,Pending during review cycle
APR-50654,DOC-10528,John Smith,2023-12-02,Pending,Pending during review cycle
APR-50655,DOC-10472,Carlos Martinez,2023-11-05,Pending,Pending during review cycle
APR-50656,DOC-10028,Sofia Johnson,2025-04-08,Pending,Pending during review cycle
APR-50657,DOC-10309,Michael Davis,2025-01-08,Pending,Pending during review cycle
APR-50658,DOC-10923,Patricia Wilson,2025-03-23,Pending,Pending during review cycle
APR-50659,DOC-10603,Sofia Johnson,2023-12-26,Pending,Pending during review cycle
APR-50660,DOC-10348,Robert Anderson,2024-10-05,Pending,Pending during review cycle
APR-50661,DOC-10098,Carlos Martinez,2025-11-17,Pending,Pending during review cycle
APR-50662,DOC-10155,John Smith,2025-08-06,Pending,Pending during review cycle
APR-50663,DOC-10628,Michael Davis,2024-12-16,Pending,Pending during review cycle
APR-50664,DOC-10469,Maria Lopez,2025-11-17,Rejected,Rejected during review cycle
APR-50665,DOC-10286,Ana Rodriguez,2026-01-21,Pending,Pending during review cycle
APR-50666,DOC-10492,Daniel Brown,2023-06-22,Pending,Pending during review cycle
APR-50667,DOC-10254,Laura Garcia,2025-11-25,Pending,Pending during review cycle
APR-50668,DOC-10811,Maria Lopez,2023-04-06,Pending,Pending during review cycle
APR-50669,DOC-10161,John Smith,2026-01-11,Pending,Pending during review cycle
APR-50670,DOC-10486,Maria Lopez,2024-01-28,Pending,Pending during review cycle
APR-50671,DOC-10027,Maria Lopez,2025-05-26,Pending,Pending during review cycle
APR-50672,DOC-10293,Patricia Wilson,2024-08-28,Pending,Pending during review cycle
APR-50673,DOC-10017,Laura Garcia,2025-03-30,Pending,Pending during review cycle
APR-50674,DOC-10968,Maria Lopez,2023-10-20,Pending,Pending during review cycle
APR-50675,DOC-10939,Ana Rodriguez,2025-01-09,Rejected,Rejected during review cycle
APR-50676,DOC-10813,John Smith,2025-01-17,Pending,Pending during review cycle
APR-50677,DOC-10107,Robert Anderson,2025-10-18,Rejected,Rejected during review cycle
APR-50678,DOC-10591,John Smith,2024-11-27,Rejected,Rejected during review cycle
APR-50679,DOC-10883,Daniel Brown,2024-01-06,Pending,Pending during review cycle
APR-50680,DOC-10446,Sofia Johnson,2023-10-20,Pending,Pending during review cycle
APR-50681,DOC-10296,Ana Rodriguez,2025-01-10,Pending,Pending during review cycle
APR-50682,DOC-10906,Carlos Martinez,2025-07-04,Pending,Pending during review cycle
APR-50683,DOC-10475,Robert Anderson,2026-04-27,Pending,Pending during review cycle
APR-50684,DOC-10568,Robert Anderson,2024-02-21,Pending,Pending during review cycle
APR-50685,DOC-10558,Sofia Johnson,2024-04-08,Rejected,Rejected during review cycle
